Word,Source
వైమిశారణ్యంలో,Ch_MB_pages2-4.pdf
బుషిగణా,Ch_MB_pages2-4.pdf
లుండేవి,Ch_MB_pages2-4.pdf
లకు,Ch_MB_pages2-4.pdf
కులపతి,Ch_MB_pages2-4.pdf
శానకమహాముని,Ch_MB_pages2-4.pdf
ఒకప్పుడు,Ch_MB_pages2-4.pdf
పన్నెండేళ్ళ,Ch_MB_pages2-4.pdf
పాటు,Ch_MB_pages2-4.pdf
జరిగే,Ch_MB_pages2-4.pdf
స్యత్రయాగం,Ch_MB_pages2-4.pdf
చేశాడు,Ch_MB_pages2-4.pdf
అనేకమంది,Ch_MB_pages2-4.pdf
మహాబుషులు,Ch_MB_pages2-4.pdf
కలిని,Ch_MB_pages2-4.pdf
ఆ,Ch_MB_pages2-4.pdf
యాగం,Ch_MB_pages2-4.pdf
చేస్తూం,Ch_MB_pages2-4.pdf
డగా,Ch_MB_pages2-4.pdf
అక్కడికి,Ch_MB_pages2-4.pdf
రోమహర్డుడి,Ch_MB_pages2-4.pdf
కొడుకు,Ch_MB_pages2-4.pdf
ఊగ,Ch_MB_pages2-4.pdf
త్రవను,Ch_MB_pages2-4.pdf
డనే,Ch_MB_pages2-4.pdf
సూశుడు,Ch_MB_pages2-4.pdf
వచ్చాడు,Ch_MB_pages2-4.pdf
నూతుడికి,Ch_MB_pages2-4.pdf
తెలియని,Ch_MB_pages2-4.pdf
పురాణగాథలు,Ch_MB_pages2-4.pdf
లేవు,Ch_MB_pages2-4.pdf
నూతుణ్ణి,Ch_MB_pages2-4.pdf
చూడగానే,Ch_MB_pages2-4.pdf
మునులందరూ,Ch_MB_pages2-4.pdf
ఆతని,Ch_MB_pages2-4.pdf
చుట్టూ,Ch_MB_pages2-4.pdf
మూగి,Ch_MB_pages2-4.pdf
నువు,Ch_MB_pages2-4.pdf
ఎక్కడి,Ch_MB_pages2-4.pdf
నుంచి,Ch_MB_pages2-4.pdf
వస్తున్నావు,Ch_MB_pages2-4.pdf
నువు,Ch_MB_pages2-4.pdf
రావటం,Ch_MB_pages2-4.pdf
మా,Ch_MB_pages2-4.pdf
కెంతో,Ch_MB_pages2-4.pdf
సంతోషమయింది,Ch_MB_pages2-4.pdf
నీ,Ch_MB_pages2-4.pdf
నుంచి,Ch_MB_pages2-4.pdf
మేము,Ch_MB_pages2-4.pdf
ఎన్నో,Ch_MB_pages2-4.pdf
పుణ్య,Ch_MB_pages2-4.pdf
కథలు,Ch_MB_pages2-4.pdf
వినవచ్చు,Ch_MB_pages2-4.pdf
అన్నారు,Ch_MB_pages2-4.pdf
నూతుడు,Ch_MB_pages2-4.pdf
వారితో,Ch_MB_pages2-4.pdf
మహర్షులారా,Ch_MB_pages2-4.pdf
పరీ,Ch_MB_pages2-4.pdf
క్షతుడి,Ch_MB_pages2-4.pdf
కొడుకు,Ch_MB_pages2-4.pdf
జనమేజయుడు,Ch_MB_pages2-4.pdf
సర్ప,Ch_MB_pages2-4.pdf
యాగం,Ch_MB_pages2-4.pdf
చేశాడు,Ch_MB_pages2-4.pdf
ఆ,Ch_MB_pages2-4.pdf
సమయంలో,Ch_MB_pages2-4.pdf
వైశంపా,Ch_MB_pages2-4.pdf
యనుడు,Ch_MB_pages2-4.pdf
జనమేజయుడికి,Ch_MB_pages2-4.pdf
భారతకథలను,Ch_MB_pages2-4.pdf
చెప్పాడు,Ch_MB_pages2-4.pdf
ఆ,Ch_MB_pages2-4.pdf
కథలను,Ch_MB_pages2-4.pdf
రాసినవాడు,Ch_MB_pages2-4.pdf
వైశంపా,Ch_MB_pages2-4.pdf
యనుడి,Ch_MB_pages2-4.pdf
గురువైన,Ch_MB_pages2-4.pdf
వేదవ్యానుడే,Ch_MB_pages2-4.pdf
నేనా,Ch_MB_pages2-4.pdf
కథ,Ch_MB_pages2-4.pdf
లన్నీ,Ch_MB_pages2-4.pdf
విని,Ch_MB_pages2-4.pdf
అనేక,Ch_MB_pages2-4.pdf
తీర్థాలు,Ch_MB_pages2-4.pdf
సేవించి,Ch_MB_pages2-4.pdf
కౌరవ,Ch_MB_pages2-4.pdf
పాండవులు,Ch_MB_pages2-4.pdf
యుద్ధం,Ch_MB_pages2-4.pdf
చేసిన,Ch_MB_pages2-4.pdf
శమంతకపంచక,Ch_MB_pages2-4.pdf
మనే,Ch_MB_pages2-4.pdf
పుణ్యక్షేత్రానికి,Ch_MB_pages2-4.pdf
వెళ్ళి,Ch_MB_pages2-4.pdf
అటు,Ch_MB_pages2-4.pdf
నుంచి,Ch_MB_pages2-4.pdf
అలా,Ch_MB_pages2-4.pdf
వచ్చాను,Ch_MB_pages2-4.pdf
అన్నాడు,Ch_MB_pages2-4.pdf
ఇంకేముందీ,Ch_MB_pages2-4.pdf
వ్యానుడు,Ch_MB_pages2-4.pdf
రచించిన,Ch_MB_pages2-4.pdf
భారతళథలను,Ch_MB_pages2-4.pdf
తమకు,Ch_MB_pages2-4.pdf
చెప్పమని,Ch_MB_pages2-4.pdf
సూతుజ్ణ,Ch_MB_pages2-4.pdf
శౌనకాది,Ch_MB_pages2-4.pdf
మహామునులు,Ch_MB_pages2-4.pdf
కోరారు,Ch_MB_pages2-4.pdf
తుడు,Ch_MB_pages2-4.pdf
అలా,Ch_MB_pages2-4.pdf
చెప్పాడు,Ch_MB_pages2-4.pdf
భారతరచన,Ch_MB_pages2-4.pdf
ఎలా,Ch_MB_pages2-4.pdf
జరిగిందనుకున్నారు,Ch_MB_pages2-4.pdf
కృష్ణద్వైపాయను,Ch_MB_pages2-4.pdf
డనే,Ch_MB_pages2-4.pdf
పేరుగల,Ch_MB_pages2-4.pdf
వ్యానుడు,Ch_MB_pages2-4.pdf
వేదాలను,Ch_MB_pages2-4.pdf
నాలుగుగా,Ch_MB_pages2-4.pdf
విభజించిన,Ch_MB_pages2-4.pdf
ఆనంతరం,Ch_MB_pages2-4.pdf
పరీక్షిత్తుకావం,Ch_MB_pages2-4.pdf
హిమాలయాల,Ch_MB_pages2-4.pdf
మీద,Ch_MB_pages2-4.pdf
తపన్సు,Ch_MB_pages2-4.pdf
చేశాడు,Ch_MB_pages2-4.pdf
ధృత,Ch_MB_pages2-4.pdf
రాష్టుడితరం,Ch_MB_pages2-4.pdf
వారంతా,Ch_MB_pages2-4.pdf
చనిపోయాక,Ch_MB_pages2-4.pdf
భారతం,Ch_MB_pages2-4.pdf
ఆలోచించాడు,Ch_MB_pages2-4.pdf
అది,Ch_MB_pages2-4.pdf
లోకానికంతకూ,Ch_MB_pages2-4.pdf
పఠ,Ch_MB_pages2-4.pdf
నీయంగా,Ch_MB_pages2-4.pdf
ఉండేటట్టు,Ch_MB_pages2-4.pdf
చేసే,Ch_MB_pages2-4.pdf
మార్గ,Ch_MB_pages2-4.pdf
మేమిటా,Ch_MB_pages2-4.pdf
అని,Ch_MB_pages2-4.pdf
ఆలోచిస్తూండగా,Ch_MB_pages2-4.pdf
ఆయనను,Ch_MB_pages2-4.pdf
చూడ,Ch_MB_pages2-4.pdf
టానికి,Ch_MB_pages2-4.pdf
బ్రహ్మ,Ch_MB_pages2-4.pdf
వచ్చాడు,Ch_MB_pages2-4.pdf
వ్యానుడు,Ch_MB_pages2-4.pdf
బ్రహ్మకు,Ch_MB_pages2-4.pdf
వ్రణామం,Ch_MB_pages2-4.pdf
చేసి,Ch_MB_pages2-4.pdf
కూర్చోబెట్టి,Ch_MB_pages2-4.pdf
దేవా,Ch_MB_pages2-4.pdf
నేను,Ch_MB_pages2-4.pdf
వేదవేదాంగాల,Ch_MB_pages2-4.pdf
సారమంతా,Ch_MB_pages2-4.pdf
ఇమిడ్చి,Ch_MB_pages2-4.pdf
భారత,Ch_MB_pages2-4.pdf
మనే,Ch_MB_pages2-4.pdf
ఇతిహాసాన్ని,Ch_MB_pages2-4.pdf
రచించాను,Ch_MB_pages2-4.pdf
ప్రజలు,Ch_MB_pages2-4.pdf
దాన్ని,Ch_MB_pages2-4.pdf
చదివి,Ch_MB_pages2-4.pdf
ఆనందించేటట్టుగా,Ch_MB_pages2-4.pdf
లిఖించే,Ch_MB_pages2-4.pdf
వాడెవడూ,Ch_MB_pages2-4.pdf
కనబడడు,Ch_MB_pages2-4.pdf
అన్నాడు,Ch_MB_pages2-4.pdf
నాయనా,Ch_MB_pages2-4.pdf
విఘ్నేశ్వరుణ్ణు,Ch_MB_pages2-4.pdf
పపార్థించి,Ch_MB_pages2-4.pdf
అతని,Ch_MB_pages2-4.pdf
ద్వారా,Ch_MB_pages2-4.pdf
నీ,Ch_MB_pages2-4.pdf
భారత,Ch_MB_pages2-4.pdf
ఇతిహాసాన్ని,Ch_MB_pages2-4.pdf
వంరాాాయాాళఅతం,Ch_MB_pages2-4.pdf
చ,Ch_MB_pages2-4.pdf
౦,Ch_MB_pages2-4.pdf
దా,Ch_MB_pages2-4.pdf
ను,Ch_MB_pages2-4.pdf
అయాం,Ch_MB_pages2-4.pdf
చచాచాచాచాడడాడాడలి,Ch_MB_pages2-4.pdf
రాయించు,Ch_MB_pages2-4.pdf
అని,Ch_MB_pages2-4.pdf
బహ్మ,Ch_MB_pages2-4.pdf
వ్యాసుడికి,Ch_MB_pages2-4.pdf
నలహా,Ch_MB_pages2-4.pdf
ఇచ్చాడు,Ch_MB_pages2-4.pdf
వ్యానుడు,Ch_MB_pages2-4.pdf
ధ్యానించగా,Ch_MB_pages2-4.pdf
విఘ్నేశ్వరుడు,Ch_MB_pages2-4.pdf
వచ్చాడు,Ch_MB_pages2-4.pdf
వ్యానుడు,Ch_MB_pages2-4.pdf
కోరిన,Ch_MB_pages2-4.pdf
ప్రకారం,Ch_MB_pages2-4.pdf
ఆయన,Ch_MB_pages2-4.pdf
చెబుతూ,Ch_MB_pages2-4.pdf
ఉంటే,Ch_MB_pages2-4.pdf
విఘ్నేశ్వరుడు,Ch_MB_pages2-4.pdf
మహాభారతాన్ని,Ch_MB_pages2-4.pdf
లిభించాడు,Ch_MB_pages2-4.pdf
దాన్ని,Ch_MB_pages2-4.pdf
దేవ,Ch_MB_pages2-4.pdf
లోకంలో,Ch_MB_pages2-4.pdf
నారదుడూ,Ch_MB_pages2-4.pdf
పితులోకంలో,Ch_MB_pages2-4.pdf
దేవలు,Ch_MB_pages2-4.pdf
డనే,Ch_MB_pages2-4.pdf
అసితుడూ,Ch_MB_pages2-4.pdf
గంధర్వాది,Ch_MB_pages2-4.pdf
లోకా,Ch_MB_pages2-4.pdf
లలో,Ch_MB_pages2-4.pdf
శుకుడూ,Ch_MB_pages2-4.pdf
ప్రచారం,Ch_MB_pages2-4.pdf
చేశారు,Ch_MB_pages2-4.pdf
జనమే,Ch_MB_pages2-4.pdf
జయుడు,Ch_MB_pages2-4.pdf
సర్పయాగం,Ch_MB_pages2-4.pdf
చేసినప్పుడు,Ch_MB_pages2-4.pdf
వైశం,Ch_MB_pages2-4.pdf
పాయనుడు,Ch_MB_pages2-4.pdf
దానినే,Ch_MB_pages2-4.pdf
పఠించి,Ch_MB_pages2-4.pdf
భూలోకంలో,Ch_MB_pages2-4.pdf
ప్రచారంలోకి,Ch_MB_pages2-4.pdf
తెచ్చాడు,Ch_MB_pages2-4.pdf
శౌనకాది,Ch_MB_pages2-4.pdf
మునులు,Ch_MB_pages2-4.pdf
ఈ,Ch_MB_pages2-4.pdf
విషయాలు,Ch_MB_pages2-4.pdf
విని,Ch_MB_pages2-4.pdf
సంతోషించి,Ch_MB_pages2-4.pdf
కౌరవపాండవులు,Ch_MB_pages2-4.pdf
యుధ్ధం,Ch_MB_pages2-4.pdf
చేసిన,Ch_MB_pages2-4.pdf
శమంతకపంచకం,Ch_MB_pages2-4.pdf
అనే,Ch_MB_pages2-4.pdf
క్షేత్రానికి,Ch_MB_pages2-4.pdf
ఆ,Ch_MB_pages2-4.pdf
పేరు,Ch_MB_pages2-4.pdf
ఎలా,Ch_MB_pages2-4.pdf
వచ్చింది,Ch_MB_pages2-4.pdf
అని,Ch_MB_pages2-4.pdf
నూతుణ్ణి,Ch_MB_pages2-4.pdf
అడిగారు,Ch_MB_pages2-4.pdf
నూతుడు,Ch_MB_pages2-4.pdf
వారికి,Ch_MB_pages2-4.pdf
ఇలా,Ch_MB_pages2-4.pdf
చెప్పాడు,Ch_MB_pages2-4.pdf
తతా,Ch_MB_pages2-4.pdf
ద్వావపరయుగ,Ch_MB_pages2-4.pdf
నంధిలో,Ch_MB_pages2-4.pdf
రాజులు,Ch_MB_pages2-4.pdf
మదించి,Ch_MB_pages2-4.pdf
ఆధర్మసూర్లాన,Ch_MB_pages2-4.pdf
సంచరిన్తూ,Ch_MB_pages2-4.pdf
ఉంటే,Ch_MB_pages2-4.pdf
పరశురాముడు,Ch_MB_pages2-4.pdf
వారిని,Ch_MB_pages2-4.pdf
ఇరవైఒక్క,Ch_MB_pages2-4.pdf
సారి,Ch_MB_pages2-4.pdf
వెతికి,Ch_MB_pages2-4.pdf
వెతికి,Ch_MB_pages2-4.pdf
చంపి,Ch_MB_pages2-4.pdf
వారి,Ch_MB_pages2-4.pdf
రక్తంతో,Ch_MB_pages2-4.pdf
అయిదు,Ch_MB_pages2-4.pdf
మడుగులు,Ch_MB_pages2-4.pdf
కల్పించి,Ch_MB_pages2-4.pdf
ఆ,Ch_MB_pages2-4.pdf
మడుగులలో,Ch_MB_pages2-4.pdf
పితృదేవతలకు,Ch_MB_pages2-4.pdf
తర్చణా,Ch_MB_pages2-4.pdf
లిచ్చాడు,Ch_MB_pages2-4.pdf
పితృ,Ch_MB_pages2-4.pdf
దేవతలు,Ch_MB_pages2-4.pdf
ఆ,Ch_MB_pages2-4.pdf
మడుగులైదూ,Ch_MB_pages2-4.pdf
పుణ్యతీర్థ,Ch_MB_pages2-4.pdf
న,Ch_MB_pages2-4.pdf
మయేటట్టు,Ch_MB_pages2-4.pdf
పరశురాముడికి,Ch_MB_pages2-4.pdf
వరమిచ్చారు,Ch_MB_pages2-4.pdf
ఆ,Ch_MB_pages2-4.pdf
ప్రదేశంలోనే,Ch_MB_pages2-4.pdf
అతి,Ch_MB_pages2-4.pdf
ఖఘూరమైన,Ch_MB_pages2-4.pdf
భారత,Ch_MB_pages2-4.pdf
యుద్ధం,Ch_MB_pages2-4.pdf
జరిగింది,Ch_MB_pages2-4.pdf
ఆ,Ch_MB_pages2-4.pdf
కారణంగా,Ch_MB_pages2-4.pdf
శమంతక,Ch_MB_pages2-4.pdf
పంచకక్షేత్రానికి,Ch_MB_pages2-4.pdf
కురుక్షేత,Ch_MB_pages2-4.pdf
మనే,Ch_MB_pages2-4.pdf
పేరు,Ch_MB_pages2-4.pdf
వచ్చింది,Ch_MB_pages2-4.pdf
పరీక్షితుడి,Ch_MB_pages2-4.pdf
కొడుకైన,Ch_MB_pages2-4.pdf
జనమేజయుడు,Ch_MB_pages2-4.pdf
ఆ,Ch_MB_pages2-4.pdf
కురుక్షేతంలో,Ch_MB_pages2-4.pdf
తన,Ch_MB_pages2-4.pdf
తమ్ములైన,Ch_MB_pages2-4.pdf
శ్రుత,Ch_MB_pages2-4.pdf
సేన,Ch_MB_pages2-4.pdf
ఉగ్రసేన,Ch_MB_pages2-4.pdf
భీమసేనుల,Ch_MB_pages2-4.pdf
సహాయంతో,Ch_MB_pages2-4.pdf
దీర్హమైన,Ch_MB_pages2-4.pdf
స్యతయాగం,Ch_MB_pages2-4.pdf
చేశాడు,Ch_MB_pages2-4.pdf
ఆ,Ch_MB_pages2-4.pdf
సమ,Ch_MB_pages2-4.pdf
యంలో,Ch_MB_pages2-4.pdf
సరమ,Ch_MB_pages2-4.pdf
అనే,Ch_MB_pages2-4.pdf
దేవతాశునకం,Ch_MB_pages2-4.pdf
కొడుకు,Ch_MB_pages2-4.pdf
సారమేయం,Ch_MB_pages2-4.pdf
అనేది,Ch_MB_pages2-4.pdf
యజ్ఞవాటికలో,Ch_MB_pages2-4.pdf
తిరుగుతూంటే,Ch_MB_pages2-4.pdf
జనమేజయుడి,Ch_MB_pages2-4.pdf
తమ్ములు,Ch_MB_pages2-4.pdf
అది,Ch_MB_pages2-4.pdf
వెళ్ళి,Ch_MB_pages2-4.pdf
తన,Ch_MB_pages2-4.pdf
తల్లి,Ch_MB_pages2-4.pdf
అయిన,Ch_MB_pages2-4.pdf
సరమతో,Ch_MB_pages2-4.pdf
చెప్పింది,Ch_MB_pages2-4.pdf
సాధు,Ch_MB_pages2-4.pdf
వులూ,Ch_MB_pages2-4.pdf
పేదలూ,Ch_MB_pages2-4.pdf
అయిన,Ch_MB_pages2-4.pdf
వారికి,Ch_MB_pages2-4.pdf
కీడుచేస్తే,Ch_MB_pages2-4.pdf
కట్టికుడపకపోదు,Ch_MB_pages2-4.pdf
అని,Ch_MB_pages2-4.pdf
సరమ,Ch_MB_pages2-4.pdf
తిట్టింది,Ch_MB_pages2-4.pdf
సరమ,Ch_MB_pages2-4.pdf
తిట్టు,Ch_MB_pages2-4.pdf
శాపమై,Ch_MB_pages2-4.pdf
తగులుతుందేమో,Ch_MB_pages2-4.pdf
నని,Ch_MB_pages2-4.pdf
భయపడి,Ch_MB_pages2-4.pdf
జనమేజయుడు,Ch_MB_pages2-4.pdf
హస్తినా,Ch_MB_pages2-4.pdf
పురానికి,Ch_MB_pages2-4.pdf
తిరిగి,Ch_MB_pages2-4.pdf
వచ్చి,Ch_MB_pages2-4.pdf
శాంతికర్మలు,Ch_MB_pages2-4.pdf
ఆ,Ch_MB_pages2-4.pdf
కుక్కను,Ch_MB_pages2-4.pdf
కొట్టారు,Ch_MB_pages2-4.pdf
చేయిం,Ch_MB_pages2-4.pdf
చటొనికి,Ch_MB_pages2-4.pdf
పురోహితు,Ch_MB_pages2-4.pdf
డెవడైనా,Ch_MB_pages2-4.pdf
దొరుకుతాడా,Ch_MB_pages2-4.pdf
అని,Ch_MB_pages2-4.pdf
చూడసాగాడు,Ch_MB_pages2-4.pdf
ఒకసారి,Ch_MB_pages2-4.pdf
అతను,Ch_MB_pages2-4.pdf
అరణ్యంలో,Ch_MB_pages2-4.pdf
వేటాడబోగా,Ch_MB_pages2-4.pdf
అక్కడ,Ch_MB_pages2-4.pdf
శ్రుత,Ch_MB_pages2-4.pdf
శ్రవుడి,Ch_MB_pages2-4.pdf
ఆ్యశ్రమం,Ch_MB_pages2-4.pdf
కనబడింది,Ch_MB_pages2-4.pdf
శ్రుతశ్రవుడికి,Ch_MB_pages2-4.pdf
సోమ్రవు,Ch_MB_pages2-4.pdf
డనే,Ch_MB_pages2-4.pdf
కొడుకున్నట్టు,Ch_MB_pages2-4.pdf
తెలిసి,Ch_MB_pages2-4.pdf
జనమే,Ch_MB_pages2-4.pdf
జయుడు,Ch_MB_pages2-4.pdf
మీ,Ch_MB_pages2-4.pdf
కుమారుఖ్ణి,Ch_MB_pages2-4.pdf
నాకు,Ch_MB_pages2-4.pdf
పురోహి,Ch_MB_pages2-4.pdf
తుడుగా,Ch_MB_pages2-4.pdf
ఇవ్వగలరా,Ch_MB_pages2-4.pdf
శ్,Ch_MB_pages2-4.pdf
అడిగాడు,Ch_MB_pages2-4.pdf
నా,Ch_MB_pages2-4.pdf
కొడుకుకు,Ch_MB_pages2-4.pdf
ఒక,Ch_MB_pages2-4.pdf
బాహ్మణుడైనవాడు,Ch_MB_pages2-4.pdf
ఏది,Ch_MB_pages2-4.pdf
అడిగినా,Ch_MB_pages2-4.pdf
నా,Ch_MB_pages2-4.pdf
కొడుకు,Ch_MB_pages2-4.pdf
ఇచ్చేస్తాడు,Ch_MB_pages2-4.pdf
అతని,Ch_MB_pages2-4.pdf
ఈ,Ch_MB_pages2-4.pdf
నియ,Ch_MB_pages2-4.pdf
మానికి,Ch_MB_pages2-4.pdf
భంగం,Ch_MB_pages2-4.pdf
రాకుండా,Ch_MB_pages2-4.pdf
నువు,Ch_MB_pages2-4.pdf
చూసె,Ch_MB_pages2-4.pdf
పక్షంలో,Ch_MB_pages2-4.pdf
నీకు,Ch_MB_pages2-4.pdf
పురోహితుడుగా,Ch_MB_pages2-4.pdf
ఉంటాడు,Ch_MB_pages2-4.pdf
అన్నాడు,Ch_MB_pages2-4.pdf
శ్రుత్యశవుడు,Ch_MB_pages2-4.pdf
జనమే,Ch_MB_pages2-4.pdf
జయుడు,Ch_MB_pages2-4.pdf
అందుకు,Ch_MB_pages2-4.pdf
సితించి,Ch_MB_pages2-4.pdf
సోమ్మశ,Ch_MB_pages2-4.pdf
వుజ్ణి,Ch_MB_pages2-4.pdf
హస్తినాపురానికి,Ch_MB_pages2-4.pdf
తీనుకుపోయి,Ch_MB_pages2-4.pdf
ఆతని,Ch_MB_pages2-4.pdf
సహాయంతో,Ch_MB_pages2-4.pdf
అనేక,Ch_MB_pages2-4.pdf
యజ్ఞాలు,Ch_MB_pages2-4.pdf
చేశాడు,Ch_MB_pages2-4.pdf
ఇలా,Ch_MB_pages2-4.pdf
ఉండగా,Ch_MB_pages2-4.pdf
ఒకనాడు,Ch_MB_pages2-4.pdf
జనమేజయుడి,Ch_MB_pages2-4.pdf
వద్దకు,Ch_MB_pages2-4.pdf
ఉదంకు,Ch_MB_pages2-4.pdf
డనే,Ch_MB_pages2-4.pdf
మహర్షి,Ch_MB_pages2-4.pdf
వచ్చి,Ch_MB_pages2-4.pdf
అని,Ch_MB_pages2-4.pdf
క్రుతశ్రవుణ్ణి,Ch_MB_pages2-4.pdf
నియమమున్నది,Ch_MB_pages2-4.pdf
అతను,Ch_MB_pages2-4.pdf
రాజా,Ch_MB_pages2-4.pdf
పహాచారాచాాాాాాతి,Ch_MB_pages2-4.pdf
చందనూ,Ch_MB_pages2-4.pdf
ము,Ch_MB_pages2-4.pdf
తయా,Ch_MB_pages2-4.pdf
వ,Ch_MB_pages2-4.pdf
న,Ch_MB_pages2-4.pdf
్,Ch_MB_pages2-4.pdf
